treat,age,educ,black,hispanic,married,nodegree,re74,re75,re78
1.0,37.0,11.0,1.0,0.0,1.0,1.0,0,0,9930
1.0,22.0,9.0,0.0,1.0,0.0,1.0,0,0,3596
1.0,30.0,12.0,1.0,0.0,0.0,0.0,0,0,24909
1.0,27.0,11.0,1.0,0.0,0.0,1.0,0,0,7506
1.0,33.0,8.0,1.0,0.0,0.0,1.0,0,0,290
1.0,22.0,9.0,1.0,0.0,0.0,1.0,0,0,4056
1.0,23.0,12.0,1.0,0.0,0.0,0.0,0,0,0
1.0,32.0,11.0,1.0,0.0,0.0,1.0,0,0,8472
1.0,22.0,16.0,1.0,0.0,0.0,0.0,0,0,2164
1.0,33.0,12.0,0.0,0.0,1.0,0.0,0,0,12418
1.0,19.0,9.0,1.0,0.0,0.0,1.0,0,0,8174
1.0,21.0,13.0,1.0,0.0,0.0,0.0,0,0,17095
1.0,18.0,8.0,1.0,0.0,0.0,1.0,0,0,0
1.0,27.0,10.0,1.0,0.0,1.0,1.0,0,0,18740
1.0,17.0,7.0,1.0,0.0,0.0,1.0,0,0,3024
1.0,19.0,10.0,1.0,0.0,0.0,1.0,0,0,3229
1.0,27.0,13.0,1.0,0.0,0.0,0.0,0,0,14582
1.0,23.0,10.0,1.0,0.0,0.0,1.0,0,0,7693
1.0,40.0,12.0,1.0,0.0,0.0,0.0,0,0,10804
1.0,26.0,12.0,1.0,0.0,0.0,0.0,0,0,10747
1.0,23.0,11.0,1.0,0.0,0.0,1.0,0,0,0
1.0,41.0,14.0,0.0,0.0,0.0,0.0,0,0,5150
1.0,38.0,9.0,0.0,0.0,0.0,1.0,0,0,6409
1.0,24.0,11.0,1.0,0.0,0.0,1.0,0,0,1991
1.0,18.0,10.0,1.0,0.0,0.0,1.0,0,0,11163
1.0,29.0,11.0,1.0,0.0,1.0,1.0,0,0,9643
1.0,25.0,11.0,1.0,0.0,0.0,1.0,0,0,9897
1.0,27.0,10.0,0.0,1.0,0.0,1.0,0,0,11143
1.0,17.0,10.0,1.0,0.0,0.0,1.0,0,0,16218
1.0,24.0,11.0,1.0,0.0,0.0,1.0,0,0,996
1.0,17.0,10.0,1.0,0.0,0.0,1.0,0,0,0
1.0,48.0,4.0,1.0,0.0,0.0,1.0,0,0,6552
1.0,25.0,11.0,1.0,0.0,1.0,1.0,0,0,1574
1.0,20.0,12.0,1.0,0.0,0.0,0.0,0,0,0
1.0,25.0,12.0,1.0,0.0,0.0,0.0,0,0,3192
1.0,42.0,14.0,1.0,0.0,0.0,0.0,0,0,20506
1.0,25.0,5.0,1.0,0.0,0.0,1.0,0,0,6182
1.0,23.0,12.0,1.0,0.0,1.0,0.0,0,0,5912
1.0,46.0,8.0,1.0,0.0,1.0,1.0,0,0,3094
1.0,24.0,10.0,1.0,0.0,0.0,1.0,0,0,0
1.0,21.0,12.0,1.0,0.0,0.0,0.0,0,0,1255
1.0,19.0,9.0,0.0,0.0,0.0,1.0,0,0,13189
1.0,17.0,8.0,1.0,0.0,0.0,1.0,0,0,8061
1.0,18.0,8.0,0.0,1.0,1.0,1.0,0,0,2788
1.0,20.0,11.0,1.0,0.0,0.0,1.0,0,0,3973
1.0,25.0,11.0,1.0,0.0,1.0,1.0,0,0,0
1.0,17.0,8.0,1.0,0.0,0.0,1.0,0,0,0
1.0,17.0,9.0,1.0,0.0,0.0,1.0,0,0,0
1.0,25.0,5.0,1.0,0.0,0.0,1.0,0,0,12187
1.0,23.0,12.0,1.0,0.0,0.0,0.0,0,0,4843
1.0,28.0,8.0,1.0,0.0,0.0,1.0,0,0,0
1.0,31.0,11.0,1.0,0.0,1.0,1.0,0,0,8087
1.0,18.0,11.0,1.0,0.0,0.0,1.0,0,0,0
1.0,25.0,12.0,1.0,0.0,0.0,0.0,0,0,2349
1.0,30.0,11.0,1.0,0.0,1.0,1.0,0,0,591
1.0,17.0,10.0,1.0,0.0,0.0,1.0,0,0,0
1.0,37.0,9.0,1.0,0.0,0.0,1.0,0,0,1068
1.0,41.0,4.0,1.0,0.0,1.0,1.0,0,0,7285
1.0,42.0,14.0,1.0,0.0,1.0,0.0,0,0,13168
1.0,22.0,11.0,0.0,0.0,0.0,1.0,0,0,1048
1.0,17.0,8.0,1.0,0.0,0.0,1.0,0,0,0
1.0,29.0,8.0,1.0,0.0,0.0,1.0,0,0,1924
1.0,35.0,10.0,1.0,0.0,0.0,1.0,0,0,4666
1.0,27.0,11.0,1.0,0.0,0.0,1.0,0,0,549
1.0,29.0,4.0,1.0,0.0,0.0,1.0,0,0,763
1.0,28.0,9.0,1.0,0.0,0.0,1.0,0,0,10694
1.0,27.0,11.0,1.0,0.0,0.0,1.0,0,0,0
1.0,23.0,7.0,0.0,0.0,0.0,1.0,0,0,0
1.0,45.0,5.0,1.0,0.0,1.0,1.0,0,0,8547
1.0,29.0,13.0,1.0,0.0,0.0,0.0,0,0,7480
1.0,27.0,9.0,1.0,0.0,0.0,1.0,0,0,0
1.0,46.0,13.0,1.0,0.0,0.0,0.0,0,0,647
1.0,18.0,6.0,1.0,0.0,0.0,1.0,0,0,0
1.0,25.0,12.0,1.0,0.0,0.0,0.0,0,0,11966
1.0,28.0,15.0,1.0,0.0,0.0,0.0,0,0,9599
1.0,25.0,11.0,0.0,0.0,0.0,1.0,0,0,18783
1.0,22.0,12.0,1.0,0.0,0.0,0.0,0,0,18678
1.0,21.0,9.0,1.0,0.0,0.0,1.0,0,0,0
1.0,40.0,11.0,1.0,0.0,0.0,1.0,0,0,23006
1.0,22.0,11.0,1.0,0.0,0.0,1.0,0,0,6457
1.0,25.0,12.0,1.0,0.0,0.0,0.0,0,0,0
1.0,18.0,12.0,1.0,0.0,0.0,0.0,0,0,2321
1.0,38.0,12.0,0.0,0.0,0.0,0.0,0,0,4942
1.0,27.0,13.0,1.0,0.0,0.0,0.0,0,0,0
1.0,27.0,8.0,1.0,0.0,0.0,1.0,0,0,0
1.0,38.0,11.0,1.0,0.0,0.0,1.0,0,0,0
1.0,23.0,8.0,0.0,1.0,0.0,1.0,0,0,3881
1.0,26.0,11.0,1.0,0.0,0.0,1.0,0,0,17231
1.0,21.0,12.0,0.0,0.0,0.0,0.0,0,0,8049
1.0,25.0,8.0,1.0,0.0,0.0,1.0,0,0,0
1.0,31.0,11.0,1.0,0.0,1.0,1.0,0,0,14510
1.0,17.0,10.0,1.0,0.0,0.0,1.0,0,0,0
1.0,25.0,11.0,1.0,0.0,0.0,1.0,0,0,0
1.0,21.0,12.0,1.0,0.0,0.0,0.0,0,0,9984
1.0,44.0,11.0,1.0,0.0,0.0,1.0,0,0,0
1.0,25.0,12.0,0.0,0.0,0.0,0.0,0,0,5588
1.0,18.0,9.0,1.0,0.0,0.0,1.0,0,0,4483
1.0,42.0,12.0,1.0,0.0,0.0,0.0,0,0,2456
1.0,25.0,10.0,1.0,0.0,0.0,1.0,0,0,0
1.0,31.0,9.0,0.0,1.0,0.0,1.0,0,0,26818
1.0,24.0,10.0,1.0,0.0,0.0,1.0,0,0,0
1.0,26.0,10.0,1.0,0.0,0.0,1.0,0,0,9266
1.0,25.0,11.0,1.0,0.0,0.0,1.0,0,0,485
1.0,18.0,11.0,1.0,0.0,0.0,1.0,0,0,4815
1.0,19.0,11.0,1.0,0.0,0.0,1.0,0,0,7458
1.0,43.0,9.0,1.0,0.0,0.0,1.0,0,0,0
1.0,27.0,13.0,1.0,0.0,0.0,0.0,0,0,34099
1.0,17.0,9.0,1.0,0.0,0.0,1.0,0,0,1953
1.0,30.0,11.0,1.0,0.0,0.0,1.0,0,0,0
1.0,26.0,10.0,1.0,0.0,1.0,1.0,2028,0,0
1.0,20.0,9.0,1.0,0.0,0.0,1.0,6084,0,8882
1.0,17.0,9.0,0.0,1.0,0.0,1.0,445,74,6211
1.0,20.0,12.0,1.0,0.0,0.0,0.0,989,165,0
1.0,18.0,11.0,1.0,0.0,0.0,1.0,858,215,930
1.0,27.0,12.0,1.0,0.0,1.0,0.0,3671,334,0
1.0,21.0,12.0,0.0,0.0,0.0,0.0,3671,334,12558
1.0,27.0,12.0,1.0,0.0,0.0,0.0,2143,358,22163
1.0,20.0,12.0,1.0,0.0,0.0,0.0,0,378,1653
1.0,19.0,10.0,1.0,0.0,0.0,1.0,0,385,8125
1.0,23.0,12.0,1.0,0.0,0.0,0.0,5506,501,671
1.0,29.0,14.0,1.0,0.0,0.0,0.0,0,680,17815
1.0,18.0,10.0,1.0,0.0,0.0,1.0,0,799,9737
1.0,19.0,9.0,1.0,0.0,0.0,1.0,0,799,17685
1.0,27.0,13.0,0.0,0.0,1.0,0.0,9382,854,0
1.0,18.0,11.0,0.0,0.0,0.0,1.0,3678,920,4322
1.0,27.0,9.0,1.0,0.0,1.0,1.0,0,934,1773
1.0,22.0,12.0,1.0,0.0,0.0,0.0,5606,936,0
1.0,23.0,10.0,1.0,0.0,1.0,1.0,0,936,11233
1.0,23.0,12.0,0.0,1.0,0.0,0.0,9386,1117,559
1.0,20.0,11.0,1.0,0.0,0.0,1.0,3637,1221,1085
1.0,17.0,9.0,1.0,0.0,0.0,1.0,1717,1253,5445
1.0,28.0,11.0,1.0,0.0,0.0,1.0,0,1284,60308
1.0,26.0,11.0,1.0,0.0,1.0,1.0,0,1393,1460
1.0,20.0,11.0,1.0,0.0,0.0,1.0,16319,1485,6943
1.0,24.0,11.0,1.0,0.0,1.0,1.0,824,1666,4033
1.0,31.0,9.0,1.0,0.0,0.0,1.0,0,1699,10363
1.0,23.0,8.0,0.0,0.0,1.0,1.0,0,1713,4232
1.0,18.0,10.0,1.0,0.0,0.0,1.0,2143,1784,11141
1.0,29.0,12.0,1.0,0.0,0.0,0.0,10882,1817,0
1.0,26.0,11.0,0.0,0.0,0.0,1.0,0,2226,13386
1.0,24.0,9.0,1.0,0.0,0.0,1.0,9155,2289,4850
1.0,25.0,12.0,1.0,0.0,0.0,0.0,14427,2409,0
1.0,24.0,10.0,1.0,0.0,0.0,1.0,4250,2422,1661
1.0,46.0,8.0,1.0,0.0,0.0,1.0,3166,2595,0
1.0,31.0,12.0,0.0,0.0,0.0,0.0,0,2611,2485
1.0,19.0,11.0,1.0,0.0,0.0,1.0,2305,2615,4147
1.0,19.0,8.0,1.0,0.0,0.0,1.0,0,2657,9971
1.0,27.0,11.0,1.0,0.0,0.0,1.0,2207,2666,0
1.0,26.0,11.0,1.0,0.0,1.0,1.0,0,2755,26372
1.0,20.0,10.0,1.0,0.0,0.0,1.0,5006,2777,5615
1.0,28.0,10.0,1.0,0.0,0.0,1.0,0,2837,3197
1.0,24.0,12.0,1.0,0.0,0.0,0.0,13766,2843,6168
1.0,19.0,8.0,1.0,0.0,0.0,1.0,2636,2937,7536
1.0,23.0,12.0,1.0,0.0,0.0,0.0,6269,3040,8484
1.0,42.0,9.0,1.0,0.0,1.0,1.0,0,3059,1294
1.0,25.0,13.0,1.0,0.0,0.0,0.0,12363,3091,0
1.0,18.0,9.0,1.0,0.0,0.0,1.0,0,3287,5010
1.0,21.0,12.0,1.0,0.0,0.0,0.0,6474,3332,9371
1.0,27.0,10.0,1.0,0.0,0.0,1.0,1001,3550,0
1.0,21.0,8.0,1.0,0.0,0.0,1.0,989,3696,4280
1.0,22.0,9.0,1.0,0.0,0.0,1.0,2193,3837,3463
1.0,31.0,4.0,1.0,0.0,0.0,1.0,8518,4023,7383
1.0,24.0,10.0,1.0,0.0,1.0,1.0,11703,4078,0
1.0,29.0,10.0,1.0,0.0,0.0,1.0,0,4399,0
1.0,29.0,12.0,1.0,0.0,0.0,0.0,9748,4879,10977
1.0,19.0,10.0,0.0,0.0,0.0,1.0,0,5324,13830
1.0,19.0,11.0,0.0,1.0,1.0,1.0,5424,5464,6788
1.0,31.0,9.0,1.0,0.0,0.0,1.0,10717,5518,9559
1.0,22.0,10.0,1.0,0.0,1.0,1.0,1468,5589,13228
1.0,21.0,9.0,1.0,0.0,0.0,1.0,6416,5749,744
1.0,17.0,10.0,1.0,0.0,0.0,1.0,1291,5794,5523
1.0,26.0,12.0,1.0,0.0,1.0,0.0,8409,5795,1425
1.0,20.0,9.0,0.0,1.0,0.0,1.0,12261,5875,1359
1.0,19.0,10.0,1.0,0.0,0.0,1.0,4122,6057,0
1.0,26.0,10.0,1.0,0.0,0.0,1.0,25930,6789,673
1.0,28.0,11.0,1.0,0.0,0.0,1.0,1929,6872,0
1.0,22.0,12.0,0.0,1.0,1.0,0.0,492,7056,10093
1.0,33.0,11.0,1.0,0.0,0.0,1.0,0,7868,6281
1.0,22.0,12.0,0.0,0.0,0.0,0.0,6760,8456,12591
1.0,29.0,10.0,0.0,1.0,0.0,1.0,0,8854,5112
1.0,33.0,12.0,1.0,0.0,1.0,0.0,20280,10941,15953
1.0,25.0,14.0,1.0,0.0,1.0,0.0,35040,11537,36647
1.0,35.0,9.0,1.0,0.0,1.0,1.0,13602,13831,12804
1.0,35.0,8.0,1.0,0.0,1.0,1.0,13732,17976,3787
1.0,33.0,11.0,1.0,0.0,1.0,1.0,14661,25142,4182
0.0,23.0,10.0,1.0,0.0,0.0,1.0,0,0,0
0.0,26.0,12.0,0.0,0.0,0.0,0.0,0,0,12384
0.0,22.0,9.0,1.0,0.0,0.0,1.0,0,0,0
0.0,18.0,9.0,1.0,0.0,0.0,1.0,0,0,10740
0.0,45.0,11.0,1.0,0.0,0.0,1.0,0,0,11796
0.0,18.0,9.0,1.0,0.0,0.0,1.0,0,0,9227
0.0,24.0,8.0,0.0,0.0,0.0,1.0,0,0,10569
0.0,34.0,11.0,1.0,0.0,1.0,1.0,0,0,6040
0.0,24.0,4.0,0.0,1.0,0.0,1.0,0,0,3881
0.0,36.0,10.0,1.0,0.0,0.0,1.0,0,0,0
0.0,21.0,14.0,1.0,0.0,0.0,0.0,0,0,5775
0.0,28.0,9.0,1.0,0.0,0.0,1.0,0,0,0
0.0,27.0,7.0,1.0,0.0,1.0,1.0,0,0,0
0.0,19.0,11.0,0.0,0.0,0.0,1.0,0,0,0
0.0,20.0,8.0,1.0,0.0,0.0,1.0,0,0,0
0.0,34.0,12.0,1.0,0.0,0.0,0.0,0,0,2114
0.0,24.0,10.0,1.0,0.0,0.0,1.0,0,0,7619
0.0,22.0,8.0,0.0,1.0,0.0,1.0,0,0,9921
0.0,25.0,11.0,1.0,0.0,0.0,1.0,0,0,4196
0.0,39.0,9.0,1.0,0.0,0.0,1.0,0,0,0
0.0,19.0,9.0,1.0,0.0,1.0,1.0,0,0,16658
0.0,44.0,9.0,1.0,0.0,0.0,1.0,0,0,9722
0.0,27.0,8.0,1.0,0.0,0.0,1.0,0,0,3784
0.0,25.0,8.0,1.0,0.0,0.0,1.0,0,0,3516
0.0,31.0,10.0,1.0,0.0,0.0,1.0,0,0,17015
0.0,34.0,10.0,1.0,0.0,1.0,1.0,0,0,0
0.0,21.0,7.0,0.0,1.0,0.0,1.0,0,0,0
0.0,33.0,12.0,1.0,0.0,0.0,0.0,0,0,5970
0.0,18.0,10.0,0.0,1.0,0.0,1.0,0,0,1859
0.0,26.0,12.0,1.0,0.0,1.0,0.0,0,0,6192
0.0,31.0,12.0,1.0,0.0,0.0,0.0,0,0,7284
0.0,35.0,10.0,1.0,0.0,0.0,1.0,0,0,446
0.0,20.0,12.0,1.0,0.0,0.0,0.0,0,0,0
0.0,25.0,11.0,1.0,0.0,0.0,1.0,0,0,0
0.0,25.0,10.0,1.0,0.0,0.0,1.0,0,0,7367
0.0,35.0,11.0,1.0,0.0,0.0,1.0,0,0,0
0.0,20.0,10.0,1.0,0.0,0.0,1.0,0,0,2016
0.0,25.0,9.0,0.0,1.0,0.0,1.0,0,0,15791
0.0,27.0,10.0,1.0,0.0,0.0,1.0,0,0,1135
0.0,20.0,11.0,0.0,1.0,0.0,1.0,0,0,6379
0.0,26.0,11.0,1.0,0.0,0.0,1.0,0,0,7176
0.0,38.0,8.0,1.0,0.0,0.0,1.0,0,0,0
0.0,34.0,10.0,1.0,0.0,0.0,1.0,0,0,7953
0.0,19.0,12.0,1.0,0.0,0.0,0.0,0,0,0
0.0,32.0,8.0,1.0,0.0,0.0,1.0,0,0,7152
0.0,20.0,9.0,0.0,1.0,0.0,1.0,0,0,8330
0.0,23.0,10.0,1.0,0.0,0.0,1.0,0,0,0
0.0,38.0,10.0,1.0,0.0,0.0,1.0,0,0,12430
0.0,24.0,11.0,1.0,0.0,0.0,1.0,0,0,0
0.0,23.0,11.0,1.0,0.0,0.0,1.0,0,0,5089
0.0,20.0,7.0,0.0,1.0,0.0,1.0,0,0,4374
0.0,21.0,11.0,1.0,0.0,0.0,1.0,0,0,1553
0.0,25.0,10.0,1.0,0.0,0.0,1.0,0,0,0
0.0,22.0,11.0,1.0,0.0,1.0,1.0,0,0,1698
0.0,23.0,11.0,1.0,0.0,0.0,1.0,0,0,0
0.0,24.0,12.0,0.0,0.0,0.0,0.0,0,0,11295
0.0,29.0,11.0,1.0,0.0,0.0,1.0,0,0,0
0.0,24.0,11.0,1.0,0.0,0.0,1.0,0,0,14626
0.0,22.0,9.0,1.0,0.0,0.0,1.0,0,0,12898
0.0,28.0,11.0,1.0,0.0,0.0,1.0,0,0,5767
0.0,18.0,10.0,0.0,1.0,0.0,1.0,0,0,6528
0.0,26.0,10.0,1.0,0.0,0.0,1.0,0,0,3931
0.0,25.0,10.0,1.0,0.0,0.0,1.0,0,0,20942
0.0,24.0,10.0,1.0,0.0,0.0,1.0,0,0,0
0.0,26.0,5.0,1.0,0.0,0.0,1.0,0,0,0
0.0,36.0,10.0,1.0,0.0,0.0,1.0,0,0,14690
0.0,22.0,11.0,1.0,0.0,0.0,1.0,0,0,0
0.0,25.0,12.0,1.0,0.0,0.0,0.0,0,0,3418
0.0,27.0,11.0,1.0,0.0,0.0,1.0,0,0,11197
0.0,29.0,8.0,1.0,0.0,0.0,1.0,0,0,0
0.0,24.0,12.0,1.0,0.0,0.0,0.0,0,0,0
0.0,22.0,10.0,1.0,0.0,0.0,1.0,0,0,0
0.0,24.0,7.0,1.0,0.0,0.0,1.0,0,0,1456
0.0,29.0,12.0,1.0,0.0,0.0,0.0,0,0,1891
0.0,25.0,11.0,0.0,1.0,1.0,1.0,0,0,4486
0.0,30.0,12.0,1.0,0.0,0.0,0.0,0,0,13613
0.0,22.0,8.0,1.0,0.0,0.0,1.0,0,0,1391
0.0,55.0,3.0,1.0,0.0,0.0,1.0,0,0,5844
0.0,20.0,10.0,1.0,0.0,0.0,1.0,0,0,8599
0.0,34.0,11.0,1.0,0.0,0.0,1.0,0,0,2920
0.0,22.0,12.0,1.0,0.0,0.0,0.0,0,0,0
0.0,32.0,12.0,0.0,1.0,1.0,0.0,0,0,6735
0.0,31.0,10.0,1.0,0.0,0.0,1.0,0,0,0
0.0,18.0,9.0,1.0,0.0,0.0,1.0,0,0,0
0.0,50.0,10.0,0.0,1.0,0.0,1.0,0,0,0
0.0,25.0,11.0,1.0,0.0,1.0,1.0,0,0,45
0.0,23.0,10.0,1.0,0.0,1.0,1.0,0,0,0
0.0,38.0,10.0,1.0,0.0,0.0,1.0,0,0,0
0.0,25.0,10.0,1.0,0.0,1.0,1.0,0,0,3702
0.0,42.0,10.0,1.0,0.0,0.0,1.0,0,0,6930
0.0,39.0,12.0,1.0,0.0,1.0,0.0,0,0,3796
0.0,34.0,13.0,1.0,0.0,1.0,0.0,0,0,5193
0.0,24.0,7.0,1.0,0.0,0.0,1.0,0,0,2194
0.0,32.0,11.0,1.0,0.0,0.0,1.0,0,0,11121
0.0,27.0,13.0,1.0,0.0,0.0,0.0,0,0,7610
0.0,26.0,10.0,1.0,0.0,0.0,1.0,0,0,2169
0.0,44.0,11.0,1.0,0.0,0.0,1.0,0,0,0
0.0,25.0,11.0,1.0,0.0,0.0,1.0,0,0,1264
0.0,25.0,12.0,1.0,0.0,0.0,0.0,0,0,0
0.0,28.0,12.0,1.0,0.0,1.0,0.0,0,0,0
0.0,32.0,10.0,1.0,0.0,0.0,1.0,0,0,0
0.0,22.0,10.0,1.0,0.0,0.0,1.0,0,0,0
0.0,19.0,9.0,1.0,0.0,0.0,1.0,0,0,5713
0.0,31.0,10.0,1.0,0.0,1.0,1.0,0,0,0
0.0,23.0,11.0,1.0,0.0,0.0,1.0,0,0,0
0.0,33.0,11.0,1.0,0.0,0.0,1.0,0,0,0
0.0,27.0,10.0,1.0,0.0,0.0,1.0,0,0,1185
0.0,29.0,11.0,1.0,0.0,1.0,1.0,0,0,10226
0.0,23.0,10.0,1.0,0.0,0.0,1.0,0,0,0
0.0,25.0,9.0,1.0,0.0,1.0,1.0,0,0,4715
0.0,25.0,10.0,1.0,0.0,0.0,1.0,0,0,290
0.0,24.0,10.0,1.0,0.0,0.0,1.0,0,0,0
0.0,28.0,8.0,0.0,0.0,0.0,1.0,0,0,8190
0.0,26.0,6.0,1.0,0.0,0.0,1.0,0,0,4813
0.0,30.0,14.0,1.0,0.0,1.0,0.0,0,0,7345
0.0,25.0,10.0,1.0,0.0,1.0,1.0,0,0,0
0.0,29.0,11.0,1.0,0.0,1.0,1.0,0,0,0
0.0,25.0,12.0,1.0,0.0,1.0,0.0,0,0,0
0.0,28.0,13.0,1.0,0.0,0.0,0.0,0,0,0
0.0,23.0,11.0,1.0,0.0,0.0,1.0,0,0,4351
0.0,54.0,11.0,1.0,0.0,0.0,1.0,0,0,7813
0.0,33.0,5.0,0.0,1.0,0.0,1.0,0,0,0
0.0,20.0,8.0,1.0,0.0,0.0,1.0,0,0,3645
0.0,45.0,9.0,1.0,0.0,0.0,1.0,0,0,4845
0.0,39.0,6.0,1.0,0.0,0.0,1.0,0,0,0
0.0,26.0,12.0,1.0,0.0,0.0,0.0,0,0,0
0.0,23.0,10.0,1.0,0.0,0.0,1.0,0,0,0
0.0,27.0,12.0,0.0,0.0,0.0,0.0,0,0,14793
0.0,33.0,9.0,0.0,1.0,1.0,1.0,0,0,0
0.0,25.0,10.0,1.0,0.0,1.0,1.0,0,0,0
0.0,23.0,8.0,1.0,0.0,0.0,1.0,0,0,3747
0.0,18.0,8.0,1.0,0.0,0.0,1.0,0,0,1568
0.0,17.0,8.0,1.0,0.0,0.0,1.0,0,0,7010
0.0,19.0,9.0,0.0,1.0,0.0,1.0,0,0,3812
0.0,18.0,8.0,0.0,1.0,0.0,1.0,0,0,10799
0.0,18.0,11.0,1.0,0.0,0.0,1.0,0,0,4657
0.0,17.0,11.0,1.0,0.0,0.0,1.0,0,0,8552
0.0,19.0,10.0,1.0,0.0,0.0,1.0,0,0,4310
0.0,19.0,10.0,1.0,0.0,0.0,1.0,0,0,5286
0.0,18.0,9.0,1.0,0.0,0.0,1.0,0,0,12486
0.0,18.0,9.0,1.0,0.0,0.0,1.0,0,0,10877
0.0,18.0,10.0,1.0,0.0,0.0,1.0,0,0,202
0.0,17.0,10.0,1.0,0.0,0.0,1.0,0,0,2658
0.0,18.0,7.0,1.0,0.0,0.0,1.0,0,0,4133
0.0,18.0,11.0,1.0,0.0,0.0,1.0,0,0,11303
0.0,19.0,10.0,0.0,1.0,0.0,1.0,0,0,0
0.0,18.0,9.0,1.0,0.0,0.0,1.0,0,0,0
0.0,17.0,10.0,1.0,0.0,0.0,1.0,0,0,0
0.0,17.0,10.0,1.0,0.0,0.0,1.0,0,0,2189
0.0,19.0,11.0,1.0,0.0,0.0,1.0,0,0,0
0.0,17.0,8.0,0.0,0.0,0.0,1.0,0,0,10211
0.0,18.0,10.0,1.0,0.0,0.0,1.0,0,0,11048
0.0,18.0,9.0,1.0,0.0,0.0,1.0,0,0,0
0.0,17.0,8.0,1.0,0.0,0.0,1.0,0,0,8994
0.0,19.0,6.0,0.0,1.0,0.0,1.0,0,0,5072
0.0,19.0,10.0,0.0,0.0,0.0,1.0,0,0,3194
0.0,17.0,11.0,0.0,0.0,0.0,1.0,0,0,0
0.0,20.0,9.0,1.0,0.0,0.0,1.0,0,0,5193
0.0,17.0,9.0,1.0,0.0,0.0,1.0,0,0,0
0.0,17.0,10.0,1.0,0.0,0.0,1.0,0,0,276
0.0,17.0,9.0,1.0,0.0,0.0,1.0,0,0,3591
0.0,19.0,11.0,1.0,0.0,0.0,1.0,0,0,0
0.0,19.0,10.0,1.0,0.0,1.0,1.0,0,0,12798
0.0,20.0,9.0,1.0,0.0,0.0,1.0,0,0,2036
0.0,18.0,9.0,1.0,0.0,0.0,1.0,0,0,2390
0.0,18.0,11.0,1.0,0.0,0.0,1.0,0,0,0
0.0,17.0,10.0,0.0,1.0,0.0,1.0,0,0,8469
0.0,19.0,11.0,1.0,0.0,0.0,1.0,0,0,0
0.0,17.0,10.0,1.0,0.0,0.0,1.0,0,0,1143
0.0,17.0,9.0,0.0,1.0,0.0,1.0,0,0,5115
0.0,18.0,10.0,1.0,0.0,0.0,1.0,0,0,781
0.0,21.0,9.0,1.0,0.0,0.0,1.0,591,0,3343
0.0,18.0,10.0,1.0,0.0,0.0,1.0,1563,0,9602
0.0,19.0,11.0,1.0,0.0,0.0,1.0,1627,0,0
0.0,24.0,9.0,1.0,0.0,0.0,1.0,2788,0,16462
0.0,28.0,11.0,0.0,1.0,1.0,1.0,3473,0,6772
0.0,25.0,11.0,1.0,0.0,0.0,1.0,5281,0,0
0.0,21.0,7.0,1.0,0.0,0.0,1.0,33800,0,11012
0.0,39.0,11.0,1.0,0.0,0.0,1.0,0,84,0
0.0,36.0,12.0,1.0,0.0,0.0,0.0,0,142,0
0.0,24.0,12.0,1.0,0.0,0.0,0.0,0,160,0
0.0,17.0,11.0,1.0,0.0,0.0,1.0,989,165,4251
0.0,18.0,10.0,1.0,0.0,0.0,1.0,960,240,2892
0.0,18.0,10.0,1.0,0.0,0.0,1.0,0,274,5514
0.0,28.0,10.0,1.0,0.0,0.0,1.0,1471,368,4859
0.0,27.0,13.0,0.0,0.0,0.0,0.0,5214,475,4813
0.0,31.0,12.0,0.0,0.0,0.0,0.0,0,495,0
0.0,22.0,9.0,1.0,0.0,0.0,1.0,0,506,604
0.0,31.0,10.0,1.0,0.0,0.0,1.0,0,520,14528
0.0,26.0,10.0,1.0,0.0,1.0,1.0,6140,559,0
0.0,18.0,9.0,0.0,0.0,0.0,1.0,0,560,7300
0.0,23.0,11.0,1.0,0.0,0.0,1.0,6382,581,0
0.0,20.0,12.0,1.0,0.0,0.0,0.0,0,592,4160
0.0,19.0,10.0,1.0,0.0,0.0,1.0,0,604,0
0.0,18.0,11.0,1.0,0.0,0.0,1.0,1065,645,5498
0.0,17.0,10.0,1.0,0.0,0.0,1.0,0,665,0
0.0,27.0,12.0,1.0,0.0,1.0,0.0,0,752,0
0.0,27.0,11.0,1.0,0.0,0.0,1.0,3065,766,0
0.0,28.0,12.0,0.0,0.0,0.0,0.0,0,803,16477
0.0,28.0,11.0,1.0,0.0,0.0,1.0,2432,863,0
0.0,21.0,10.0,1.0,0.0,0.0,1.0,6661,1162,39484
0.0,17.0,10.0,0.0,1.0,0.0,1.0,4905,1169,11306
0.0,26.0,11.0,1.0,0.0,0.0,1.0,4700,1175,6672
0.0,29.0,9.0,1.0,0.0,0.0,1.0,0,1204,9379
0.0,17.0,10.0,0.0,1.0,0.0,1.0,1204,1240,5089
0.0,22.0,11.0,1.0,0.0,0.0,1.0,7914,1322,2639
0.0,24.0,11.0,1.0,0.0,0.0,1.0,0,1328,9496
0.0,20.0,12.0,1.0,0.0,0.0,0.0,558,1371,20893
0.0,18.0,12.0,1.0,0.0,0.0,0.0,0,1406,0
0.0,24.0,11.0,0.0,0.0,0.0,1.0,2670,1468,10362
0.0,21.0,9.0,0.0,0.0,0.0,1.0,2988,1577,1740
0.0,30.0,8.0,1.0,0.0,0.0,1.0,0,1707,0
0.0,31.0,11.0,1.0,0.0,0.0,1.0,17712,1726,0
0.0,17.0,10.0,0.0,1.0,0.0,1.0,1443,1735,6354
0.0,19.0,9.0,1.0,0.0,0.0,1.0,8410,1778,7171
0.0,23.0,11.0,1.0,0.0,0.0,1.0,0,1896,5574
0.0,22.0,12.0,1.0,0.0,0.0,0.0,4380,2004,440
0.0,29.0,12.0,1.0,0.0,0.0,0.0,22859,2080,16970
0.0,22.0,10.0,1.0,0.0,0.0,1.0,0,2175,5344
0.0,29.0,13.0,1.0,0.0,0.0,0.0,718,2266,2725
0.0,19.0,11.0,1.0,0.0,0.0,1.0,721,2446,9772
0.0,17.0,9.0,1.0,0.0,0.0,1.0,0,2595,0
0.0,18.0,10.0,1.0,0.0,0.0,1.0,1717,2682,0
0.0,19.0,12.0,1.0,0.0,0.0,0.0,8417,2814,1721
0.0,20.0,6.0,1.0,0.0,0.0,1.0,6007,2851,0
0.0,33.0,11.0,1.0,0.0,0.0,1.0,10524,2900,18860
0.0,36.0,11.0,0.0,1.0,0.0,1.0,5444,3064,1325
0.0,25.0,11.0,1.0,0.0,0.0,1.0,15210,3073,285
0.0,19.0,11.0,1.0,0.0,0.0,1.0,3504,3286,11196
0.0,23.0,8.0,1.0,0.0,0.0,1.0,7724,3403,0
0.0,17.0,11.0,1.0,0.0,0.0,1.0,4081,3796,0
0.0,43.0,10.0,1.0,0.0,0.0,1.0,2503,4128,7565
0.0,26.0,11.0,1.0,0.0,1.0,1.0,0,4185,0
0.0,27.0,11.0,1.0,0.0,1.0,1.0,0,4492,0
0.0,19.0,11.0,1.0,0.0,0.0,1.0,6337,4503,0
0.0,28.0,11.0,1.0,0.0,1.0,1.0,8593,5394,4975
0.0,28.0,12.0,1.0,0.0,1.0,0.0,10585,5551,12780
0.0,26.0,8.0,1.0,0.0,0.0,1.0,1126,5563,3524
0.0,31.0,12.0,1.0,0.0,0.0,0.0,0,5614,0
0.0,23.0,11.0,1.0,0.0,0.0,1.0,7617,5716,10275
0.0,20.0,12.0,1.0,0.0,0.0,0.0,7182,6005,4780
0.0,28.0,10.0,1.0,0.0,1.0,1.0,8293,6449,16988
0.0,39.0,12.0,1.0,0.0,1.0,0.0,19785,6608,499
0.0,21.0,8.0,1.0,0.0,0.0,1.0,39571,6608,3084
0.0,22.0,11.0,1.0,0.0,0.0,1.0,8810,6974,3709
0.0,20.0,11.0,1.0,0.0,0.0,1.0,8009,7667,7659
0.0,21.0,11.0,0.0,1.0,0.0,1.0,2993,8920,20858
0.0,23.0,12.0,0.0,1.0,0.0,0.0,5722,8961,7078
0.0,29.0,9.0,1.0,0.0,0.0,1.0,9269,9161,0
0.0,28.0,9.0,1.0,0.0,1.0,1.0,10222,9210,1240
0.0,30.0,11.0,1.0,0.0,1.0,1.0,0,9312,3983
0.0,25.0,10.0,1.0,0.0,1.0,1.0,13520,9319,0
0.0,28.0,11.0,1.0,0.0,1.0,1.0,824,10034,0
0.0,22.0,10.0,0.0,0.0,0.0,1.0,27864,10599,7095
0.0,44.0,9.0,1.0,0.0,1.0,1.0,12261,10857,12359
0.0,21.0,9.0,1.0,0.0,0.0,1.0,31886,12357,0
0.0,28.0,11.0,1.0,0.0,0.0,1.0,17491,13371,0
0.0,29.0,9.0,0.0,1.0,0.0,1.0,9594,16341,16900
0.0,25.0,9.0,1.0,0.0,1.0,1.0,24732,16947,7344
0.0,22.0,10.0,0.0,0.0,1.0,1.0,25721,23032,5449
